{
    "width": 0.18181818181818182,
    "slope": 500.0,
    "min_gain": -40.0,
    "pan1": 0.9090909090909086,
    "gains1": [
        0.0,
        0.0,
        0.0,
        0.0,
        0.0,
        0.0,
        0.0,
        0.0,
        0.0,
        0.6780855720167873,
        0.7349829637635599
    ],
    "delays1": [
        98.25261079332797,
        99.52219662472403,
        105.78329401614859,
        109.07498237074633,
        112.98562874667992,
        97.41276494403712,
        84.01501924135312,
        61.53284181684499,
        40.3209761774988,
        19.788695940817817,
        11.074780641850188
    ],
    "release1": 186.3636363636363,
    "attack": 1.0,
    "pan2": 0.7272727272727267,
    "gains2": [
        0.0,
        0.0,
        0.0,
        0.0,
        0.0,
        0.0,
        0.0,
        0.0,
        0.6473024647278596,
        0.7622332445893699,
        0.0
    ],
    "delays2": [
        102.47033051237844,
        98.51365530977812,
        99.59506046540186,
        97.8120498885365,
        97.21562223791918,
        77.92987974572989,
        61.15866971908697,
        38.0980594138259,
        17.665407878879627,
        12.209193738045364,
        30.844553507552735
    ],
    "release2": 159.090909090909,
    "pan3": 0.5454545454545451,
    "gains3": [
        0.0,
        0.0,
        0.0,
        0.0,
        0.0,
        0.0,
        0.0,
        0.4584675195681827,
        0.8887111642716086,
        0.0,
        0.0
    ],
    "delays3": [
        108.65239868963222,
        100.42775242485567,
        96.7017249569415,
        89.98888821571175,
        84.64113843533849,
        61.840492349265915,
        41.255778766117295,
        18.37963679675731,
        11.097620463534188,
        30.167497326260992,
        51.5406284358153
    ],
    "release3": 131.81818181818176,
    "pan4": 0.3636363636363634,
    "gains4": [
        0.0,
        0.0,
        0.0,
        0.0,
        0.0,
        0.0,
        0.35325018150542936,
        0.9354340981292505,
        0.01331755696428212,
        0.0,
        0.0
    ],
    "delays4": [
        115.80085192862921,
        103.53546946715909,
        94.78621310509335,
        82.76025248864782,
        71.79568669372192,
        45.74029986412451,
        20.540457710732195,
        11.532860713698959,
        30.521375950475683,
        52.17843657661417,
        73.86323951089268
    ],
    "release4": 104.5454545454545,
    "pan5": 0.18181818181818155,
    "gains5": [
        0.0,
        0.0,
        0.0,
        0.0,
        0.0,
        0.3548937365512724,
        0.9349066454767964,
        0.0,
        0.0,
        0.0,
        0.0
    ],
    "delays5": [
        119.50412880224086,
        103.39958898532554,
        89.5449114378283,
        72.25358598823674,
        55.27894106646968,
        28.66202168848583,
        11.187359209635344,
        32.91877320913581,
        54.060789098156995,
        75.2340425127602,
        96.4220073950561
    ],
    "release5": 77.27272727272722,
    "pan6": -2.220446049250313e-16,
    "gains6": [
        0.0,
        0.0,
        0.0,
        0.0,
        0.07490013691250474,
        0.9924245328086544,
        0.09738334647162357,
        0.0,
        0.0,
        0.0,
        0.0
    ],
    "delays6": [
        106.53693627985801,
        87.78998730750504,
        70.37045806446775,
        49.97000419132095,
        29.7295460649611,
        10.388092222434015,
        28.96536514554545,
        49.903732868676,
        68.12610986716977,
        86.45422077534909,
        105.53940087189275
    ],
    "release6": 50.000000000000036,
    "pan7": -0.181818181818182,
    "gains7": [
        0.0,
        0.0,
        0.0,
        0.0,
        0.9165522131222544,
        0.3999150417534922,
        0.0,
        0.0,
        0.0,
        0.0,
        0.0
    ],
    "delays7": [
        97.14808341223326,
        76.4002813374626,
        55.65344689377472,
        33.012699331237144,
        11.425505000315349,
        29.188757057718583,
        55.05010019841022,
        72.78796203196698,
        87.59430698362492,
        102.49146750009922,
        118.73299468327204
    ],
    "release7": 77.2727272727273,
    "pan8": -0.36363636363636376,
    "gains8": [
        0.0,
        0.0,
        0.014814227218753442,
        0.9292470173431745,
        0.3691619149245017,
        0.0,
        0.0,
        0.0,
        0.0,
        0.0,
        0.0
    ],
    "delays8": [
        73.83111931502614,
        52.65494588337387,
        30.980159071532835,
        11.672926006954768,
        20.608803005581038,
        46.46574775612229,
        71.7557868752759,
        83.39930994130097,
        92.70429688209117,
        102.50632507034996,
        114.62575652959472
    ],
    "release8": 104.54545454545456,
    "pan9": -0.5454545454545455,
    "gains9": [
        0.0,
        0.0,
        0.8875194625469385,
        0.4607702286393875,
        0.0,
        0.0,
        0.0,
        0.0,
        0.0,
        0.0,
        0.0
    ],
    "delays9": [
        51.40395973225172,
        30.772397426534273,
        11.468528886032571,
        20.853945770377205,
        42.99229200061584,
        64.526966100884,
        86.79682826130497,
        92.89668999139003,
        96.92951449573768,
        101.56764437155914,
        109.23333979159725
    ],
    "release9": 131.8181818181818,
    "pan10": -0.7272727272727273,
    "gains10": [
        0.005969441130715688,
        0.8203035442485631,
        0.5718972469472402,
        0.0,
        0.0,
        0.0,
        0.0,
        0.0,
        0.0,
        0.0,
        0.0
    ],
    "delays10": [
        28.759260858144625,
        12.217727875167359,
        19.33055266054511,
        41.66622126599255,
        64.4286430841857,
        81.67959555616231,
        100.24852831123539,
        101.17493340088828,
        100.13860468508726,
        99.54695515207048,
        102.38006105460536
    ],
    "release10": 159.0909090909091,
    "pan11": -0.9090909090909091,
    "gains11": [
        0.8694982540169005,
        0.49393601433947043,
        0.0,
        0.0,
        0.0,
        0.0,
        0.0,
        0.0,
        0.0,
        0.0,
        0.0
    ],
    "delays11": [
        10.252095434430435,
        24.274792360992276,
        44.766638136092,
        67.31667711683292,
        89.57141634045972,
        103.02716964763367,
        117.65900826305179,
        113.66629013296894,
        107.56416002129109,
        101.29731235954918,
        98.20548858686149
    ],
    "release11": 186.36363636363635
}